,Ev.Mejor,Ev.Media,Ev.Desv,Kms.Mejor,Kms.Media,Kms.Desv,tiempo
Greedy,1,1,-,3157,3157,-,0.127
CH,6000.0,6013.333333333333,18.856180831641264,3054.0,3196.3333333333335,103.87920335124296,900.801
CHE,5940.0,5996.666666666667,44.96912521077347,3580.0,3611.3333333333335,33.6386021641143,900.810
SCH,8520.0,8580.0,71.18052168020874,3148.0,3238.3333333333335,70.14429572119334,900.581
