,Ev.Mejor,Ev.Media,Ev.Desv,Kms.Mejor,Kms.Media,Kms.Desv,tiempo
Greedy,1,1,-,7579,7579,-,0.050
CH,25650.0,25680.0,42.42640687119285,6763.0,6843.666666666667,80.74789298936675,900.261
CHE,26190.0,26350.0,172.81975195754293,7873.0,8118.333333333333,225.78800283058047,900.161
SCH,36400.0,36926.666666666664,428.667185069671,6498.0,6601.666666666667,81.45482729027721,900.129
